@kvs1980m-words	@kvs1980m	1926.939	1927.248	ты
@kvs1980m-words	@kvs1980m	1927.248	1927.557	дважды
@kvs1980m-words	@kvs1980m	1927.557	1927.866	уже
@kvs1980m-words	@kvs1980m	1927.866	1928.175	по-моему
@kvs1980m-words	@kvs1980m	1928.175	1928.484	проехался
@kvs1980m-words	@kvs1980m	1928.484	1928.793	со
@kvs1980m-words	@kvs1980m	1928.793	1929.102	стендап-шоу
@kvs1980m-words	@kvs1980m	1929.102	1929.411	по
@kvs1980m-words	@kvs1980m	1929.411	1929.72	стране
@kvs1980m-words	@kvs1980m	1929.72	1930.029	правильно
@kvs1980m-words	@kvs1980m	1930.029	1930.338	/
@kvs1980m-words	@kvs1980m	1930.338	1930.647	соответственно
@kvs1980m-words	@kvs1980m	1930.647	1930.956	ты
@kvs1980m-words	@kvs1980m	1930.956	1931.265	мог
@kvs1980m-words	@kvs1980m	1931.265	1931.574	оценить
@kvs1980m-words	@kvs1980m	1931.574	1931.883	/
@kvs1980m-words	@kvs1980m	1931.883	1932.192	чего
@kvs1980m-words	@kvs1980m	1932.192	1932.501	твоя
@kvs1980m-words	@kvs1980m	1932.501	1932.81	аудитория
@kvs1980m-words	@kvs1980m	1932.81	1933.119	про
@kvs1980m-words	@kvs1980m	1933.119	1933.428	тебя
@kvs1980m-words	@kvs1980m	1933.428	1933.737	думает
@kvs1980m-words	@kvs1980m	1933.737	1934.046	/
@kvs1980m-words	@kvs1980m	1934.046	1934.355	и
@kvs1980m-words	@kvs1980m	1934.355	1934.664	вот
@kvs1980m-words	@kvs1980m	1934.664	1934.973	эти
@kvs1980m-words	@kvs1980m	1934.973	1935.282	вещи
@kvs1980m-words	@kvs1980m	1935.282	1935.591	они
@kvs1980m-words	@kvs1980m	1935.591	1935.9	заходят
@kvs1980m-words	@kvs1980m	1935.9	1936.209	доходят
@kvs1980m-words	@kvs1980m	1936.209	1936.518	не
@kvs1980m-words	@kvs1980m	1936.518	1936.827	доходят
@kvs1980m-words	@kvs1980m	1936.827	1937.136	или
@kvs1980m-words	@kvs1980m	1937.136	1937.445	/
@kvs1980m-words	@kvs1980m	1937.445	1937.754	или
@kvs1980m-words	@kvs1980m	1937.754	1938.063	просто
@kvs1980m-words	@kvs1980m	1938.063	1938.372	поржать
@kvs1980m-words	@kvs1980m	1938.372	1938.681	народ
@kvs1980m-words	@kvs1980m	1938.681	1939.0	собирается
@kvs1980m-words	@kvs1980m	1949.123	1949.315	и
@kvs1980m-words	@kvs1980m	1949.315	1949.507	что
@kvs1980m-words	@kvs1980m	1949.507	1949.699	же
@kvs1980m-words	@kvs1980m	1949.699	1949.891	не
@kvs1980m-words	@kvs1980m	1949.891	1950.083	удавалось
@kvs1980m-words	@kvs1980m	1950.083	1950.275	никак
@kvs1980m-words	@kvs1980m	1950.275	1950.467	с
@kvs1980m-words	@kvs1980m	1950.467	1950.659	залом
@kvs1980m-words	@kvs1980m	1950.659	1950.851	пообщаться
@kvs1980m-words	@kvs1980m	1950.851	1951.043	и
@kvs1980m-words	@kvs1980m	1951.043	1951.235	понять
@kvs1980m-words	@kvs1980m	1951.235	1951.429	вообще
@kvs1980m-words	@kvs1980m	1951.748	1952.073	кто
@kvs1980m-words	@kvs1980m	1952.073	1952.398	/
@kvs1980m-words	@kvs1980m	1952.398	1952.723	кто
@kvs1980m-words	@kvs1980m	1952.723	1953.048	эти
@kvs1980m-words	@kvs1980m	1953.048	1953.373	люди
@kvs1980m-words	@kvs1980m	1953.373	1953.698	которые
@kvs1980m-words	@kvs1980m	1953.698	1954.025	[нрзб]
@kvs1980m-words	@kvs1980m	1979.636	1980.57	[смеются]
@kvs1980m-words	@kvs1980m	1988.039	1988.304	ну
@kvs1980m-words	@kvs1980m	1988.304	1988.569	это
@kvs1980m-words	@kvs1980m	1988.569	1988.834	было
@kvs1980m-words	@kvs1980m	1988.834	1989.099	бы
@kvs1980m-words	@kvs1980m	1989.099	1989.365	интересно
@kvs1980m-words	@kvs1980m	1990.161	1990.41	нет
@kvs1980m-words	@kvs1980m	1990.41	1990.659	не
@kvs1980m-words	@kvs1980m	1990.659	1990.908	не
@kvs1980m-words	@kvs1980m	1990.908	1991.157	меня
@kvs1980m-words	@kvs1980m	1991.157	1991.406	честно
@kvs1980m-words	@kvs1980m	1991.406	1991.655	мне
@kvs1980m-words	@kvs1980m	1991.655	1991.904	интересно
@kvs1980m-words	@kvs1980m	1991.904	1992.153	вот
@kvs1980m-words	@kvs1980m	1992.153	1992.402	то
@kvs1980m-words	@kvs1980m	1992.402	1992.651	что
@kvs1980m-words	@kvs1980m	1992.651	1992.9	ты
@kvs1980m-words	@kvs1980m	1992.9	1993.149	говоришь
@kvs1980m-words	@kvs1980m	1993.149	1993.398	/
@kvs1980m-words	@kvs1980m	1993.398	1993.647	я
@kvs1980m-words	@kvs1980m	1993.647	1993.896	я
@kvs1980m-words	@kvs1980m	1993.896	1994.145	видел
@kvs1980m-words	@kvs1980m	1994.145	1994.394	этих
@kvs1980m-words	@kvs1980m	1994.394	1994.648	блогеров
@kvs1980m-words	@kvs1980m	1995.794	1996.143	этих
@kvs1980m-words	@kvs1980m	1996.143	1996.492	этих
@kvs1980m-words	@kvs1980m	1996.492	1996.841	ваших
@kvs1980m-words	@kvs1980m	1996.841	1997.19	блогеров
@kvs1980m-words	@kvs1980m	1997.19	1997.539	я
@kvs1980m-words	@kvs1980m	1997.539	1997.889	видел
@kvs1980m-words	@kvs1980m	1998.453	1998.719	я
@kvs1980m-words	@kvs1980m	1998.719	1998.985	старый
@kvs1980m-words	@kvs1980m	1998.985	1999.251	человек
@kvs1980m-words	@kvs1980m	1999.251	1999.517	я
@kvs1980m-words	@kvs1980m	1999.517	1999.783	пришел
@kvs1980m-words	@kvs1980m	1999.783	2000.049	для
@kvs1980m-words	@kvs1980m	2000.049	2000.315	того
@kvs1980m-words	@kvs1980m	2000.315	2000.581	чтобы
@kvs1980m-words	@kvs1980m	2000.581	2000.847	сказать
@kvs1980m-words	@kvs1980m	2000.847	2001.113	им
@kvs1980m-words	@kvs1980m	2001.113	2001.379	что
@kvs1980m-words	@kvs1980m	2001.379	2001.645	ребята
@kvs1980m-words	@kvs1980m	2001.645	2001.911	вы
@kvs1980m-words	@kvs1980m	2001.911	2002.177	существуете
@kvs1980m-words	@kvs1980m	2002.177	2002.443	в
@kvs1980m-words	@kvs1980m	2002.443	2002.709	другой
@kvs1980m-words	@kvs1980m	2002.709	2002.975	реальности
@kvs1980m-words	@kvs1980m	2002.975	2003.241	/
@kvs1980m-words	@kvs1980m	2003.241	2003.507	вот
@kvs1980m-words	@kvs1980m	2003.507	2003.773	ты
@kvs1980m-words	@kvs1980m	2003.773	2004.039	из
@kvs1980m-words	@kvs1980m	2004.039	2004.305	Стерлитамака
@kvs1980m-words	@kvs1980m	2004.305	2004.571	если
@kvs1980m-words	@kvs1980m	2004.571	2004.837	не
@kvs1980m-words	@kvs1980m	2004.837	2005.103	ошибаюсь
@kvs1980m-words	@kvs1980m	2005.103	2005.369	да
@kvs1980m-words	@kvs1980m	2005.369	2005.635	/
@kvs1980m-words	@kvs1980m	2005.635	2005.901	из
@kvs1980m-words	@kvs1980m	2005.901	2006.167	из
@kvs1980m-words	@kvs1980m	2006.167	2006.433	Башкортостана
@kvs1980m-words	@kvs1980m	2006.433	2006.699	из
@kvs1980m-words	@kvs1980m	2006.699	2006.965	Башкирии
@kvs1980m-words	@kvs1980m	2006.965	2007.231	ты
@kvs1980m-words	@kvs1980m	2007.231	2007.497	так
@kvs1980m-words	@kvs1980m	2007.497	2007.763	сказать
@kvs1980m-words	@kvs1980m	2007.763	2008.029	/
@kvs1980m-words	@kvs1980m	2008.029	2008.295	не
@kvs1980m-words	@kvs1980m	2008.295	2008.561	так
@kvs1980m-words	@kvs1980m	2008.561	2008.827	давно
@kvs1980m-words	@kvs1980m	2008.827	2009.093	я
@kvs1980m-words	@kvs1980m	2009.093	2009.359	был
@kvs1980m-words	@kvs1980m	2009.359	2009.625	в
@kvs1980m-words	@kvs1980m	2009.625	2009.891	Уфе
@kvs1980m-words	@kvs1980m	2009.891	2010.157	и
@kvs1980m-words	@kvs1980m	2010.157	2010.423	я
@kvs1980m-words	@kvs1980m	2010.423	2010.689	разговаривал
@kvs1980m-words	@kvs1980m	2010.689	2010.955	там
@kvs1980m-words	@kvs1980m	2010.955	2011.221	на
@kvs1980m-words	@kvs1980m	2011.221	2011.487	большом
@kvs1980m-words	@kvs1980m	2011.487	2011.753	форуме
@kvs1980m-words	@kvs1980m	2011.753	2012.019	о
@kvs1980m-words	@kvs1980m	2012.019	2012.285	бедности
@kvs1980m-words	@kvs1980m	2012.285	2012.551	и
@kvs1980m-words	@kvs1980m	2012.551	2012.817	вообще
@kvs1980m-words	@kvs1980m	2012.817	2013.083	с
@kvs1980m-words	@kvs1980m	2013.083	2013.349	народом
@kvs1980m-words	@kvs1980m	2013.349	2013.615	общался
@kvs1980m-words	@kvs1980m	2013.615	2013.881	по
@kvs1980m-words	@kvs1980m	2013.881	2014.147	поводу
@kvs1980m-words	@kvs1980m	2014.147	2014.413	того
@kvs1980m-words	@kvs1980m	2014.413	2014.679	что
@kvs1980m-words	@kvs1980m	2014.679	2014.945	происходит
@kvs1980m-words	@kvs1980m	2014.945	2015.211	/
@kvs1980m-words	@kvs1980m	2015.211	2015.477	в
@kvs1980m-words	@kvs1980m	2015.477	2015.743	промышленности
@kvs1980m-words	@kvs1980m	2015.743	2016.009	в
@kvs1980m-words	@kvs1980m	2016.009	2016.275	сельском
@kvs1980m-words	@kvs1980m	2016.275	2016.541	хозяйстве
@kvs1980m-words	@kvs1980m	2016.541	2016.807	/
@kvs1980m-words	@kvs1980m	2016.807	2017.073	и
@kvs1980m-words	@kvs1980m	2017.073	2017.339	не
@kvs1980m-words	@kvs1980m	2017.339	2017.605	только
@kvs1980m-words	@kvs1980m	2017.605	2017.871	в
@kvs1980m-words	@kvs1980m	2017.871	2018.137	Башкирии
@kvs1980m-words	@kvs1980m	2018.137	2018.403	а
@kvs1980m-words	@kvs1980m	2018.403	2018.669	вообще
@kvs1980m-words	@kvs1980m	2018.669	2018.935	в
@kvs1980m-words	@kvs1980m	2018.935	2019.201	целом
@kvs1980m-words	@kvs1980m	2019.201	2019.467	в
@kvs1980m-words	@kvs1980m	2019.467	2019.733	стране
@kvs1980m-words	@kvs1980m	2019.733	2019.999	ситуация
@kvs1980m-words	@kvs1980m	2019.999	2020.265	у
@kvs1980m-words	@kvs1980m	2020.265	2020.531	нас
@kvs1980m-words	@kvs1980m	2020.531	2020.797	/
@kvs1980m-words	@kvs1980m	2020.797	2021.063	мягко
@kvs1980m-words	@kvs1980m	2021.063	2021.329	говоря
@kvs1980m-words	@kvs1980m	2021.329	2021.595	не
@kvs1980m-words	@kvs1980m	2021.595	2021.861	очень
@kvs1980m-words	@kvs1980m	2021.861	2022.127	/
@kvs1980m-words	@kvs1980m	2022.127	2022.393	веселая
@kvs1980m-words	@kvs1980m	2022.393	2022.659	не
@kvs1980m-words	@kvs1980m	2022.659	2022.925	очень
@kvs1980m-words	@kvs1980m	2022.925	2023.191	/
@kvs1980m-words	@kvs1980m	2023.191	2023.457	много
@kvs1980m-words	@kvs1980m	2023.457	2023.723	поводов
@kvs1980m-words	@kvs1980m	2023.723	2023.989	для
@kvs1980m-words	@kvs1980m	2023.989	2024.255	радости
@kvs1980m-words	@kvs1980m	2024.255	2024.521	/
@kvs1980m-words	@kvs1980m	2024.521	2024.787	за
@kvs1980m-words	@kvs1980m	2024.787	2025.053	последние
@kvs1980m-words	@kvs1980m	2025.053	2025.319	полгода
@kvs1980m-words	@kvs1980m	2025.319	2025.585	я
@kvs1980m-words	@kvs1980m	2025.585	2025.851	посмотрел
@kvs1980m-words	@kvs1980m	2025.851	2026.117	из
@kvs1980m-words	@kvs1980m	2026.117	2026.383	Башкирии
@kvs1980m-words	@kvs1980m	2026.383	2026.649	уехало
@kvs1980m-words	@kvs1980m	2026.649	2026.915	пятьдесят
@kvs1980m-words	@kvs1980m	2026.915	2027.181	четыре
@kvs1980m-words	@kvs1980m	2027.181	2027.447	тысячи
@kvs1980m-words	@kvs1980m	2027.447	2027.771	человек
@kvs1980m-words	@kvs1980m	2032.665	2032.98	да
@kvs1980m-words	@kvs1980m	2032.98	2033.295	и
@kvs1980m-words	@kvs1980m	2033.295	2033.61	/
@kvs1980m-words	@kvs1980m	2033.61	2033.925	в
@kvs1980m-words	@kvs1980m	2033.925	2034.24	этом
@kvs1980m-words	@kvs1980m	2034.24	2034.555	смысле
@kvs1980m-words	@kvs1980m	2034.555	2034.87	я
@kvs1980m-words	@kvs1980m	2034.87	2035.185	хотел
@kvs1980m-words	@kvs1980m	2035.185	2035.5	бы
@kvs1980m-words	@kvs1980m	2035.5	2035.815	подчеркнуть
@kvs1980m-words	@kvs1980m	2035.815	2036.13	что
@kvs1980m-words	@kvs1980m	2036.13	2036.445	девяностые
@kvs1980m-words	@kvs1980m	2036.445	2036.76	и
@kvs1980m-words	@kvs1980m	2036.76	2037.075	/
@kvs1980m-words	@kvs1980m	2037.075	2037.39	нынешнее
@kvs1980m-words	@kvs1980m	2037.39	2037.705	время
@kvs1980m-words	@kvs1980m	2037.705	2038.02	это
@kvs1980m-words	@kvs1980m	2038.02	2038.335	не
@kvs1980m-words	@kvs1980m	2038.335	2038.65	две
@kvs1980m-words	@kvs1980m	2038.65	2038.965	разные
@kvs1980m-words	@kvs1980m	2038.965	2039.28	эпохи
@kvs1980m-words	@kvs1980m	2039.28	2039.595	/
@kvs1980m-words	@kvs1980m	2039.595	2039.91	это
@kvs1980m-words	@kvs1980m	2039.91	2040.24	эпохи
@kvs1980m-words	@kvs1980m	2041.212	2042.012	да
@kvs1980m-words	@kvs1980m	2046.625	2046.927	да
@kvs1980m-words	@kvs1980m	2046.927	2047.229	/
@kvs1980m-words	@kvs1980m	2047.229	2047.531	да
@kvs1980m-words	@kvs1980m	2047.531	2047.833	да
@kvs1980m-words	@kvs1980m	2047.833	2048.135	да
@kvs1980m-words	@kvs1980m	2048.135	2048.437	да
@kvs1980m-words	@kvs1980m	2048.437	2048.739	/
@kvs1980m-words	@kvs1980m	2048.739	2049.041	у
@kvs1980m-words	@kvs1980m	2049.041	2049.343	нашего
@kvs1980m-words	@kvs1980m	2049.343	2049.645	/
@kvs1980m-words	@kvs1980m	2049.645	2049.947	даже
@kvs1980m-words	@kvs1980m	2049.947	2050.249	/
@kvs1980m-words	@kvs1980m	2050.249	2050.551	кинематографического
@kvs1980m-words	@kvs1980m	2050.551	2050.853	/
@kvs1980m-words	@kvs1980m	2050.853	2051.155	крокодила
@kvs1980m-words	@kvs1980m	2051.155	2051.457	выросли
@kvs1980m-words	@kvs1980m	2051.457	2051.759	/
@kvs1980m-words	@kvs1980m	2051.759	2052.061	зубы
@kvs1980m-words	@kvs1980m	2052.061	2052.363	и
@kvs1980m-words	@kvs1980m	2052.363	2052.665	он
@kvs1980m-words	@kvs1980m	2052.665	2052.967	он
@kvs1980m-words	@kvs1980m	2052.967	2053.269	стал
@kvs1980m-words	@kvs1980m	2053.269	2053.571	большим
@kvs1980m-words	@kvs1980m	2053.571	2053.873	и
@kvs1980m-words	@kvs1980m	2053.873	2054.175	прожорливым
@kvs1980m-words	@kvs1980m	2054.175	2054.477	он
@kvs1980m-words	@kvs1980m	2054.477	2054.779	он
@kvs1980m-words	@kvs1980m	2054.779	2055.081	жрет
@kvs1980m-words	@kvs1980m	2055.081	2055.383	больше
@kvs1980m-words	@kvs1980m	2055.383	2055.685	чем
@kvs1980m-words	@kvs1980m	2055.685	2055.987	раньше
@kvs1980m-words	@kvs1980m	2055.987	2056.289	но
@kvs1980m-words	@kvs1980m	2056.289	2056.591	я
@kvs1980m-words	@kvs1980m	2056.591	2056.893	не
@kvs1980m-words	@kvs1980m	2056.893	2057.195	об
@kvs1980m-words	@kvs1980m	2057.195	2057.497	этом
@kvs1980m-words	@kvs1980m	2057.497	2057.799	/
@kvs1980m-words	@kvs1980m	2057.799	2058.101	а
@kvs1980m-words	@kvs1980m	2058.101	2058.403	о
@kvs1980m-words	@kvs1980m	2058.403	2058.705	том
@kvs1980m-words	@kvs1980m	2058.705	2059.007	что
@kvs1980m-words	@kvs1980m	2059.007	2059.309	вот
@kvs1980m-words	@kvs1980m	2059.309	2059.611	я
@kvs1980m-words	@kvs1980m	2059.611	2059.913	пообщался
@kvs1980m-words	@kvs1980m	2059.913	2060.215	с
@kvs1980m-words	@kvs1980m	2060.215	2060.517	этими
@kvs1980m-words	@kvs1980m	2060.517	2060.819	замечательными
@kvs1980m-words	@kvs1980m	2060.819	2061.121	ребятами
@kvs1980m-words	@kvs1980m	2061.121	2061.423	и
@kvs1980m-words	@kvs1980m	2061.423	2061.725	я
@kvs1980m-words	@kvs1980m	2061.725	2062.027	пытался
@kvs1980m-words	@kvs1980m	2062.027	2062.329	им
@kvs1980m-words	@kvs1980m	2062.329	2062.631	объяснить
@kvs1980m-words	@kvs1980m	2062.631	2062.933	/
@kvs1980m-words	@kvs1980m	2062.933	2063.235	наивно
@kvs1980m-words	@kvs1980m	2063.235	2063.537	/
@kvs1980m-words	@kvs1980m	2063.537	2063.839	по-старчески
@kvs1980m-words	@kvs1980m	2063.839	2064.141	пытался
@kvs1980m-words	@kvs1980m	2064.141	2064.443	им
@kvs1980m-words	@kvs1980m	2064.443	2064.745	объяснить
@kvs1980m-words	@kvs1980m	2064.745	2065.047	что
@kvs1980m-words	@kvs1980m	2065.047	2065.349	вот
@kvs1980m-words	@kvs1980m	2065.349	2065.651	из
@kvs1980m-words	@kvs1980m	2065.651	2065.953	этого
@kvs1980m-words	@kvs1980m	2065.953	2066.255	воздушного
@kvs1980m-words	@kvs1980m	2066.255	2066.557	замка
@kvs1980m-words	@kvs1980m	2066.557	2066.859	в
@kvs1980m-words	@kvs1980m	2066.859	2067.161	котором
@kvs1980m-words	@kvs1980m	2067.161	2067.463	они
@kvs1980m-words	@kvs1980m	2067.463	2067.765	пребывают
@kvs1980m-words	@kvs1980m	2067.765	2068.067	где
@kvs1980m-words	@kvs1980m	2068.067	2068.369	/
@kvs1980m-words	@kvs1980m	2068.369	2068.671	миллионы
@kvs1980m-words	@kvs1980m	2068.671	2068.973	подписчиков
@kvs1980m-words	@kvs1980m	2068.973	2069.275	где
@kvs1980m-words	@kvs1980m	2069.275	2069.577	/
@kvs1980m-words	@kvs1980m	2069.577	2069.879	большие
@kvs1980m-words	@kvs1980m	2069.879	2070.181	заказы
@kvs1980m-words	@kvs1980m	2070.181	2070.483	большие
@kvs1980m-words	@kvs1980m	2070.483	2070.785	зарплаты
@kvs1980m-words	@kvs1980m	2070.785	2071.087	и
@kvs1980m-words	@kvs1980m	2071.087	2071.389	человек
@kvs1980m-words	@kvs1980m	2071.389	2071.691	может
@kvs1980m-words	@kvs1980m	2071.691	2071.993	там
@kvs1980m-words	@kvs1980m	2071.993	2072.295	/
@kvs1980m-words	@kvs1980m	2072.295	2072.597	махнув
@kvs1980m-words	@kvs1980m	2072.597	2072.899	пальцев
@kvs1980m-words	@kvs1980m	2072.899	2073.201	наня...
@kvs1980m-words	@kvs1980m	2073.201	2073.503	на...
@kvs1980m-words	@kvs1980m	2073.503	2073.805	нанять
@kvs1980m-words	@kvs1980m	2073.805	2074.107	себе
@kvs1980m-words	@kvs1980m	2074.107	2074.409	семьдесят
@kvs1980m-words	@kvs1980m	2074.409	2074.711	человек
@kvs1980m-words	@kvs1980m	2074.711	2075.013	в
@kvs1980m-words	@kvs1980m	2075.013	2075.315	обслугу
@kvs1980m-words	@kvs1980m	2075.315	2075.617	и
@kvs1980m-words	@kvs1980m	2075.617	2075.919	которые
@kvs1980m-words	@kvs1980m	2075.919	2076.221	будут
@kvs1980m-words	@kvs1980m	2076.221	2076.523	таскать
@kvs1980m-words	@kvs1980m	2076.523	2076.825	за
@kvs1980m-words	@kvs1980m	2076.825	2077.127	ним
@kvs1980m-words	@kvs1980m	2077.127	2077.429	свет
@kvs1980m-words	@kvs1980m	2077.429	2077.731	держать
@kvs1980m-words	@kvs1980m	2077.731	2078.033	микрофон
@kvs1980m-words	@kvs1980m	2078.033	2078.335	и
@kvs1980m-words	@kvs1980m	2078.335	2078.637	выкладывать
@kvs1980m-words	@kvs1980m	2078.637	2078.939	это
@kvs1980m-words	@kvs1980m	2078.939	2079.241	де...
@kvs1980m-words	@kvs1980m	2079.241	2079.543	богатство
@kvs1980m-words	@kvs1980m	2079.543	2079.845	в
@kvs1980m-words	@kvs1980m	2079.845	2080.25	ютуб
@kvs1980m-words	@kvs1980m	2081.635	2082.362	[нрзб]
@kvs1980m-words	@kvs1980m	2082.999	2083.323	вы
@kvs1980m-words	@kvs1980m	2083.323	2083.647	боги
@kvs1980m-words	@kvs1980m	2083.647	2083.971	вы
@kvs1980m-words	@kvs1980m	2083.971	2084.295	фараоны
@kvs1980m-words	@kvs1980m	2084.295	2084.619	ютьюба
@kvs1980m-words	@kvs1980m	2084.619	2084.943	да
@kvs1980m-words	@kvs1980m	2084.943	2085.267	вот
@kvs1980m-words	@kvs1980m	2085.267	2085.591	с
@kvs1980m-words	@kvs1980m	2085.591	2085.915	этими
@kvs1980m-words	@kvs1980m	2085.915	2086.239	людьми
@kvs1980m-words	@kvs1980m	2086.239	2086.563	с
@kvs1980m-words	@kvs1980m	2086.563	2086.887	фараонами
@kvs1980m-words	@kvs1980m	2086.887	2087.211	с
@kvs1980m-words	@kvs1980m	2087.211	2087.535	этими
@kvs1980m-words	@kvs1980m	2087.535	2087.859	я
@kvs1980m-words	@kvs1980m	2087.859	2088.183	разговаривал
@kvs1980m-words	@kvs1980m	2088.183	2088.507	и
@kvs1980m-words	@kvs1980m	2088.507	2088.831	я
@kvs1980m-words	@kvs1980m	2088.831	2089.155	пытался
@kvs1980m-words	@kvs1980m	2089.155	2089.479	им
@kvs1980m-words	@kvs1980m	2089.479	2089.803	сказать
@kvs1980m-words	@kvs1980m	2089.803	2090.127	что
@kvs1980m-words	@kvs1980m	2090.127	2090.451	/
@kvs1980m-words	@kvs1980m	2090.451	2090.775	это
@kvs1980m-words	@kvs1980m	2090.775	2091.099	все
@kvs1980m-words	@kvs1980m	2091.099	2091.423	царство
@kvs1980m-words	@kvs1980m	2091.423	2091.747	не
@kvs1980m-words	@kvs1980m	2091.747	2092.071	вечно
@kvs1980m-words	@kvs1980m	2092.071	2092.395	оно
@kvs1980m-words	@kvs1980m	2092.395	2092.719	не
@kvs1980m-words	@kvs1980m	2092.719	2093.043	может
@kvs1980m-words	@kvs1980m	2093.043	2093.367	стоять
@kvs1980m-words	@kvs1980m	2093.367	2093.691	на
@kvs1980m-words	@kvs1980m	2093.691	2094.015	курьих
@kvs1980m-words	@kvs1980m	2094.015	2094.339	ножках
@kvs1980m-words	@kvs1980m	2094.339	2094.663	всегда
@kvs1980m-words	@kvs1980m	2094.663	2094.987	оно
@kvs1980m-words	@kvs1980m	2094.987	2095.311	рано
@kvs1980m-words	@kvs1980m	2095.311	2095.635	или
@kvs1980m-words	@kvs1980m	2095.635	2095.959	поздно
@kvs1980m-words	@kvs1980m	2095.959	2096.283	рухнет
@kvs1980m-words	@kvs1980m	2096.283	2096.607	под
@kvs1980m-words	@kvs1980m	2096.607	2096.931	давлением
@kvs1980m-words	@kvs1980m	2096.931	2097.255	того
@kvs1980m-words	@kvs1980m	2097.255	2097.579	самого
@kvs1980m-words	@kvs1980m	2097.579	2097.903	базиса
@kvs1980m-words	@kvs1980m	2097.903	2098.227	/
@kvs1980m-words	@kvs1980m	2098.227	2098.551	потому
@kvs1980m-words	@kvs1980m	2098.551	2098.875	что
@kvs1980m-words	@kvs1980m	2098.875	2099.199	нельзя
@kvs1980m-words	@kvs1980m	2099.199	2099.523	жить
@kvs1980m-words	@kvs1980m	2099.523	2099.847	все
@kvs1980m-words	@kvs1980m	2099.847	2100.171	время
@kvs1980m-words	@kvs1980m	2100.171	2100.495	/
@kvs1980m-words	@kvs1980m	2100.495	2100.819	в
@kvs1980m-words	@kvs1980m	2100.819	2101.143	кинотеатре
@kvs1980m-words	@kvs1980m	2101.143	2101.467	или
@kvs1980m-words	@kvs1980m	2101.467	2101.791	в
@kvs1980m-words	@kvs1980m	2101.791	2102.115	ютубе
@kvs1980m-words	@kvs1980m	2102.115	2102.439	нельзя
@kvs1980m-words	@kvs1980m	2102.439	2102.763	кормиться
@kvs1980m-words	@kvs1980m	2102.763	2103.087	позавчерашними
@kvs1980m-words	@kvs1980m	2103.087	2103.411	победами
@kvs1980m-words	@kvs1980m	2103.411	2103.735	необходимо
@kvs1980m-words	@kvs1980m	2103.735	2104.059	/
@kvs1980m-words	@kvs1980m	2104.059	2104.383	реально
@kvs1980m-words	@kvs1980m	2104.383	2104.707	ежедневно
@kvs1980m-words	@kvs1980m	2104.707	2105.031	подтверждать
@kvs1980m-words	@kvs1980m	2105.031	2105.355	свое
@kvs1980m-words	@kvs1980m	2105.355	2105.679	право
@kvs1980m-words	@kvs1980m	2105.679	2106.003	/
@kvs1980m-words	@kvs1980m	2106.003	2106.327	на
@kvs1980m-words	@kvs1980m	2106.327	2106.651	то
@kvs1980m-words	@kvs1980m	2106.651	2106.975	чтобы
@kvs1980m-words	@kvs1980m	2106.975	2107.299	вот
@kvs1980m-words	@kvs1980m	2107.299	2107.623	так
@kvs1980m-words	@kvs1980m	2107.623	2107.947	вот
@kvs1980m-words	@kvs1980m	2107.947	2108.271	роскошно
@kvs1980m-words	@kvs1980m	2108.271	2108.595	/
@kvs1980m-words	@kvs1980m	2108.595	2108.919	и
@kvs1980m-words	@kvs1980m	2108.919	2109.243	/
@kvs1980m-words	@kvs1980m	2109.243	2109.567	беззаботно
@kvs1980m-words	@kvs1980m	2109.567	2109.891	существовать
@kvs1980m-words	@kvs1980m	2109.891	2110.215	/
@kvs1980m-words	@kvs1980m	2110.215	2110.539	вот
@kvs1980m-words	@kvs1980m	2110.539	2110.863	и
@kvs1980m-words	@kvs1980m	2110.863	2111.187	поэтому
@kvs1980m-words	@kvs1980m	2111.187	2111.511	все-таки
@kvs1980m-words	@kvs1980m	2111.511	2111.835	мнения
@kvs1980m-words	@kvs1980m	2111.835	2112.159	и
@kvs1980m-words	@kvs1980m	2112.159	2112.483	настроения
@kvs1980m-words	@kvs1980m	2112.483	2112.807	твоей
@kvs1980m-words	@kvs1980m	2112.807	2113.131	аудитории
@kvs1980m-words	@kvs1980m	2113.131	2113.455	мне
@kvs1980m-words	@kvs1980m	2113.455	2113.779	интересны
@kvs1980m-words	@kvs1980m	2113.779	2114.103	потому
@kvs1980m-words	@kvs1980m	2114.103	2114.427	что
@kvs1980m-words	@kvs1980m	2114.427	2114.751	в
@kvs1980m-words	@kvs1980m	2114.751	2115.075	этом
@kvs1980m-words	@kvs1980m	2115.075	2115.399	сонме
@kvs1980m-words	@kvs1980m	2115.399	2115.723	небожителей
@kvs1980m-words	@kvs1980m	2115.723	2116.047	ютубовских
@kvs1980m-words	@kvs1980m	2116.047	2116.371	ты
@kvs1980m-words	@kvs1980m	2116.371	2116.695	белая
@kvs1980m-words	@kvs1980m	2116.695	2117.019	овца
@kvs1980m-words	@kvs1980m	2117.019	2117.343	по
@kvs1980m-words	@kvs1980m	2117.343	2117.667	крайней
@kvs1980m-words	@kvs1980m	2117.667	2117.991	мере
@kvs1980m-words	@kvs1980m	2117.991	2118.315	так
@kvs1980m-words	@kvs1980m	2118.315	2118.639	выглядит
@kvs1980m-words	@kvs1980m	2118.639	2118.963	это
@kvs1980m-words	@kvs1980m	2118.963	2119.287	со
@kvs1980m-words	@kvs1980m	2119.287	2119.611	стороны
@kvs1980m-words	@kvs1980m	2119.611	2119.935	да
@kvs1980m-words	@kvs1980m	2119.935	2120.259	ты
@kvs1980m-words	@kvs1980m	2120.259	2120.583	осмеливаешься
@kvs1980m-words	@kvs1980m	2120.583	2120.907	говорить
@kvs1980m-words	@kvs1980m	2120.907	2121.231	вещи
@kvs1980m-words	@kvs1980m	2121.231	2121.555	которые
@kvs1980m-words	@kvs1980m	2121.555	2121.879	/
@kvs1980m-words	@kvs1980m	2121.879	2122.203	царапают
@kvs1980m-words	@kvs1980m	2122.203	2122.527	ухо
@kvs1980m-words	@kvs1980m	2122.527	2122.851	/
@kvs1980m-words	@kvs1980m	2122.851	2123.175	Дудя
@kvs1980m-words	@kvs1980m	2123.175	2123.499	/
@kvs1980m-words	@kvs1980m	2123.499	2123.823	которые
@kvs1980m-words	@kvs1980m	2123.823	2124.147	раздражают
@kvs1980m-words	@kvs1980m	2124.147	2124.471	многих
@kvs1980m-words	@kvs1980m	2124.471	2124.795	из
@kvs1980m-words	@kvs1980m	2124.795	2125.119	них
@kvs1980m-words	@kvs1980m	2125.119	2125.443	/
@kvs1980m-words	@kvs1980m	2125.443	2125.767	которые
@kvs1980m-words	@kvs1980m	2125.767	2126.091	[нрзб]
@kvs1980m-words	@kvs1980m	2126.091	2126.415	/
@kvs1980m-words	@kvs1980m	2126.415	2126.739	Сталин
@kvs1980m-words	@kvs1980m	2126.739	2127.063	/
@kvs1980m-words	@kvs1980m	2127.063	2127.387	Сталин
@kvs1980m-words	@kvs1980m	2127.387	2127.711	/
@kvs1980m-words	@kvs1980m	2127.711	2128.035	Сталин
@kvs1980m-words	@kvs1980m	2128.035	2128.359	оказывается
@kvs1980m-words	@kvs1980m	2128.359	2128.683	может
@kvs1980m-words	@kvs1980m	2128.683	2129.007	быть
@kvs1980m-words	@kvs1980m	2129.007	2129.331	ему
@kvs1980m-words	@kvs1980m	2129.331	2129.655	и
@kvs1980m-words	@kvs1980m	2129.655	2129.979	молодому
@kvs1980m-words	@kvs1980m	2129.979	2130.303	человеку
@kvs1980m-words	@kvs1980m	2130.303	2130.627	понятен
@kvs1980m-words	@kvs1980m	2130.627	2130.951	потому
@kvs1980m-words	@kvs1980m	2130.951	2131.275	что
@kvs1980m-words	@kvs1980m	2131.275	2131.599	Сталин
@kvs1980m-words	@kvs1980m	2131.599	2131.923	тоже
@kvs1980m-words	@kvs1980m	2131.923	2132.247	когда-то
@kvs1980m-words	@kvs1980m	2132.247	2132.571	в
@kvs1980m-words	@kvs1980m	2132.571	2132.895	свое
@kvs1980m-words	@kvs1980m	2132.895	2133.219	время
@kvs1980m-words	@kvs1980m	2133.219	2133.543	был
@kvs1980m-words	@kvs1980m	2133.543	2133.867	молод
@kvs1980m-words	@kvs1980m	2133.867	2134.191	и
@kvs1980m-words	@kvs1980m	2134.191	2134.515	что-то
@kvs1980m-words	@kvs1980m	2134.515	2134.839	побудило
@kvs1980m-words	@kvs1980m	2134.839	2135.163	какая-то
@kvs1980m-words	@kvs1980m	2135.163	2135.487	/
@kvs1980m-words	@kvs1980m	2135.487	2135.811	сторона
@kvs1980m-words	@kvs1980m	2135.811	2136.135	жизни
@kvs1980m-words	@kvs1980m	2136.135	2136.459	тогдашней
@kvs1980m-words	@kvs1980m	2136.459	2136.783	побудила
@kvs1980m-words	@kvs1980m	2136.783	2137.107	Сталина
@kvs1980m-words	@kvs1980m	2137.107	2137.431	молодого
@kvs1980m-words	@kvs1980m	2137.431	2137.755	Сталина
@kvs1980m-words	@kvs1980m	2137.755	2138.079	взяться
@kvs1980m-words	@kvs1980m	2138.079	2138.403	за
@kvs1980m-words	@kvs1980m	2138.403	2138.727	булыжник
@kvs1980m-words	@kvs1980m	2138.727	2139.051	/
@kvs1980m-words	@kvs1980m	2139.051	2139.375	и
@kvs1980m-words	@kvs1980m	2139.375	2139.699	не
@kvs1980m-words	@kvs1980m	2139.699	2140.023	одного
@kvs1980m-words	@kvs1980m	2140.023	2140.347	Сталина
@kvs1980m-words	@kvs1980m	2140.347	2140.671	это
@kvs1980m-words	@kvs1980m	2140.671	2140.995	ведь
@kvs1980m-words	@kvs1980m	2140.995	2141.319	все
@kvs1980m-words	@kvs1980m	2141.319	2141.643	не
@kvs1980m-words	@kvs1980m	2141.643	2141.967	дедушки
@kvs1980m-words	@kvs1980m	2141.967	2142.291	и
@kvs1980m-words	@kvs1980m	2142.291	2142.615	бабушки
@kvs1980m-words	@kvs1980m	2142.615	2142.939	мохнатые
@kvs1980m-words	@kvs1980m	2142.939	2143.263	делали
@kvs1980m-words	@kvs1980m	2143.263	2143.587	/
@kvs1980m-words	@kvs1980m	2143.587	2143.911	то
@kvs1980m-words	@kvs1980m	2143.911	2144.235	что
@kvs1980m-words	@kvs1980m	2144.235	2144.559	происходило
@kvs1980m-words	@kvs1980m	2144.559	2144.883	в
@kvs1980m-words	@kvs1980m	2144.883	2145.207	семнадцатом
@kvs1980m-words	@kvs1980m	2145.207	2145.544	году
@kvs1980m-words	@kvs1980m	2146.793	2147.111	да
@kvs1980m-words	@kvs1980m	2147.111	2147.429	ну
@kvs1980m-words	@kvs1980m	2147.429	2147.747	вот
@kvs1980m-words	@kvs1980m	2147.747	2148.065	мне
@kvs1980m-words	@kvs1980m	2148.065	2148.383	интересно
@kvs1980m-words	@kvs1980m	2148.383	2148.701	молодая
@kvs1980m-words	@kvs1980m	2148.701	2149.019	аудитория
@kvs1980m-words	@kvs1980m	2149.019	2149.337	которую
@kvs1980m-words	@kvs1980m	2149.337	2149.655	ты
@kvs1980m-words	@kvs1980m	2149.655	2149.973	увидел
@kvs1980m-words	@kvs1980m	2149.973	2150.291	ты
@kvs1980m-words	@kvs1980m	2150.291	2150.609	/
@kvs1980m-words	@kvs1980m	2150.609	2150.927	успел
@kvs1980m-words	@kvs1980m	2150.927	2151.245	почувствовать
@kvs1980m-words	@kvs1980m	2151.245	2151.563	смог
@kvs1980m-words	@kvs1980m	2151.563	2151.881	почувствовать
@kvs1980m-words	@kvs1980m	2151.881	2152.199	ты
@kvs1980m-words	@kvs1980m	2152.199	2152.517	в
@kvs1980m-words	@kvs1980m	2152.517	2152.835	пустоту
@kvs1980m-words	@kvs1980m	2152.835	2153.153	говоришь
@kvs1980m-words	@kvs1980m	2153.153	2153.471	ты
@kvs1980m-words	@kvs1980m	2153.471	2153.789	с
@kvs1980m-words	@kvs1980m	2153.789	2154.107	мельницами
@kvs1980m-words	@kvs1980m	2154.107	2154.425	говоришь
@kvs1980m-words	@kvs1980m	2154.425	2154.743	или
@kvs1980m-words	@kvs1980m	2154.743	2155.068	нет
@kvs1980m-words	@kvs1980m	2196.687	2198.55	спецприглашенных
@kvs1980m-words	@kvs1980m	2226.6	2227.128	через
@kvs1980m-words	@kvs1980m	2227.128	2227.657	забор
@evb1991m-words	@evb1991m	1929.695	1930.059	да
@evb1991m-words	@evb1991m	1939.055	1939.415	да
@evb1991m-words	@evb1991m	1939.415	1939.775	на
@evb1991m-words	@evb1991m	1939.775	1940.135	стендап
@evb1991m-words	@evb1991m	1940.135	1940.495	в
@evb1991m-words	@evb1991m	1940.495	1940.855	стендап
@evb1991m-words	@evb1991m	1940.855	1941.215	эээ
@evb1991m-words	@evb1991m	1941.215	1941.575	я
@evb1991m-words	@evb1991m	1941.575	1941.935	собирал
@evb1991m-words	@evb1991m	1941.935	1942.295	только
@evb1991m-words	@evb1991m	1942.295	1942.655	ээ
@evb1991m-words	@evb1991m	1942.655	1943.015	рассказывал
@evb1991m-words	@evb1991m	1943.015	1943.375	истории
@evb1991m-words	@evb1991m	1943.375	1943.735	непосредственно
@evb1991m-words	@evb1991m	1943.735	1944.095	ээ
@evb1991m-words	@evb1991m	1944.095	1944.455	как
@evb1991m-words	@evb1991m	1944.455	1944.815	мы
@evb1991m-words	@evb1991m	1944.815	1945.175	/
@evb1991m-words	@evb1991m	1945.175	1945.535	наше
@evb1991m-words	@evb1991m	1945.535	1945.895	приключение
@evb1991m-words	@evb1991m	1945.895	1946.255	там
@evb1991m-words	@evb1991m	1946.255	1946.615	по
@evb1991m-words	@evb1991m	1946.615	1946.975	Америке
@evb1991m-words	@evb1991m	1946.975	1947.335	как
@evb1991m-words	@evb1991m	1947.335	1947.695	мы
@evb1991m-words	@evb1991m	1947.695	1948.055	ездили
@evb1991m-words	@evb1991m	1948.055	1948.415	и
@evb1991m-words	@evb1991m	1948.415	1948.775	так
@evb1991m-words	@evb1991m	1948.775	1949.138	далее
@evb1991m-words	@evb1991m	1950.944	1951.367	нет
@evb1991m-words	@evb1991m	1951.367	1951.79	/
@evb1991m-words	@evb1991m	1951.79	1952.213	общение
@evb1991m-words	@evb1991m	1952.213	1952.637	было
@evb1991m-words	@evb1991m	1953.932	1954.346	эээ
@evb1991m-words	@evb1991m	1954.346	1954.76	общение
@evb1991m-words	@evb1991m	1954.76	1955.174	был
@evb1991m-words	@evb1991m	1955.174	1955.588	ну
@evb1991m-words	@evb1991m	1955.588	1956.002	это
@evb1991m-words	@evb1991m	1956.002	1956.416	эээ
@evb1991m-words	@evb1991m	1956.416	1956.83	молодые
@evb1991m-words	@evb1991m	1956.83	1957.244	люди
@evb1991m-words	@evb1991m	1957.244	1957.658	/
@evb1991m-words	@evb1991m	1957.658	1958.072	кто-то
@evb1991m-words	@evb1991m	1958.072	1958.486	учится
@evb1991m-words	@evb1991m	1958.486	1958.9	в
@evb1991m-words	@evb1991m	1958.9	1959.314	институте
@evb1991m-words	@evb1991m	1959.314	1959.728	/
@evb1991m-words	@evb1991m	1959.728	1960.142	кто-то
@evb1991m-words	@evb1991m	1960.142	1960.556	работает
@evb1991m-words	@evb1991m	1960.556	1960.97	/
@evb1991m-words	@evb1991m	1960.97	1961.384	то
@evb1991m-words	@evb1991m	1961.384	1961.798	есть
@evb1991m-words	@evb1991m	1961.798	1962.212	обычные
@evb1991m-words	@evb1991m	1962.212	1962.626	обычные
@evb1991m-words	@evb1991m	1962.626	1963.04	/
@evb1991m-words	@evb1991m	1963.04	1963.454	люди
@evb1991m-words	@evb1991m	1963.454	1963.868	/
@evb1991m-words	@evb1991m	1963.868	1964.282	даже
@evb1991m-words	@evb1991m	1964.282	1964.696	сложно
@evb1991m-words	@evb1991m	1964.696	1965.11	как-то
@evb1991m-words	@evb1991m	1965.11	1965.524	сказать
@evb1991m-words	@evb1991m	1965.524	1965.938	/
@evb1991m-words	@evb1991m	1965.938	1966.352	есть
@evb1991m-words	@evb1991m	1966.352	1966.766	и
@evb1991m-words	@evb1991m	1966.766	1967.18	моментами
@evb1991m-words	@evb1991m	1967.18	1967.594	удивляли
@evb1991m-words	@evb1991m	1967.594	1968.008	там
@evb1991m-words	@evb1991m	1968.008	1968.422	/
@evb1991m-words	@evb1991m	1968.422	1968.836	самый
@evb1991m-words	@evb1991m	1968.836	1969.25	забавный
@evb1991m-words	@evb1991m	1969.25	1969.664	случай
@evb1991m-words	@evb1991m	1969.664	1970.078	когда
@evb1991m-words	@evb1991m	1970.078	1970.492	эээ
@evb1991m-words	@evb1991m	1970.492	1970.906	подошел
@evb1991m-words	@evb1991m	1970.906	1971.32	мужчина
@evb1991m-words	@evb1991m	1971.32	1971.734	лет
@evb1991m-words	@evb1991m	1971.734	1972.148	тридцати
@evb1991m-words	@evb1991m	1972.148	1972.562	/
@evb1991m-words	@evb1991m	1972.562	1972.976	и
@evb1991m-words	@evb1991m	1972.976	1973.39	попросил
@evb1991m-words	@evb1991m	1973.39	1973.804	подписаться
@evb1991m-words	@evb1991m	1973.804	1974.218	/
@evb1991m-words	@evb1991m	1974.218	1974.632	для
@evb1991m-words	@evb1991m	1974.632	1975.046	Светки
@evb1991m-words	@evb1991m	1975.046	1975.46	напиши
@evb1991m-words	@evb1991m	1975.46	1975.874	/
@evb1991m-words	@evb1991m	1975.874	1976.288	я
@evb1991m-words	@evb1991m	1976.288	1976.702	такой
@evb1991m-words	@evb1991m	1976.702	1977.116	/
@evb1991m-words	@evb1991m	1977.116	1977.53	а
@evb1991m-words	@evb1991m	1977.53	1977.944	кто
@evb1991m-words	@evb1991m	1977.944	1978.358	это
@evb1991m-words	@evb1991m	1978.358	1978.772	/
@evb1991m-words	@evb1991m	1978.772	1979.186	мама
@evb1991m-words	@evb1991m	1979.186	1979.627	моя
@evb1991m-words	@evb1991m	1979.641	1980.471	[смеются]
@evb1991m-words	@evb1991m	1980.49	1980.79	это
@evb1991m-words	@evb1991m	1980.79	1981.09	вот
@evb1991m-words	@evb1991m	1981.09	1981.39	такие
@evb1991m-words	@evb1991m	1981.39	1981.69	ну
@evb1991m-words	@evb1991m	1981.69	1981.99	то
@evb1991m-words	@evb1991m	1981.99	1982.29	есть
@evb1991m-words	@evb1991m	1982.29	1982.59	абсолютно
@evb1991m-words	@evb1991m	1982.59	1982.89	разношерстная
@evb1991m-words	@evb1991m	1982.89	1983.19	публика
@evb1991m-words	@evb1991m	1983.19	1983.49	/
@evb1991m-words	@evb1991m	1983.49	1983.79	я
@evb1991m-words	@evb1991m	1983.79	1984.09	не
@evb1991m-words	@evb1991m	1984.09	1984.39	спрашивал
@evb1991m-words	@evb1991m	1984.39	1984.69	что
@evb1991m-words	@evb1991m	1984.69	1984.99	вы
@evb1991m-words	@evb1991m	1984.99	1985.29	думаете
@evb1991m-words	@evb1991m	1985.29	1985.59	насчет
@evb1991m-words	@evb1991m	1985.59	1985.89	обзоров
@evb1991m-words	@evb1991m	1985.89	1986.19	потому
@evb1991m-words	@evb1991m	1986.19	1986.49	что
@evb1991m-words	@evb1991m	1986.49	1986.79	это
@evb1991m-words	@evb1991m	1986.79	1987.09	было
@evb1991m-words	@evb1991m	1987.09	1987.39	бы
@evb1991m-words	@evb1991m	1987.39	1987.697	странно
@evb1991m-words	@evb1991m	1989.904	1990.193	я
@evb1991m-words	@evb1991m	1990.193	1990.482	читаю
@evb1991m-words	@evb1991m	1994.566	1995.052	ъгъм
@evb1991m-words	@evb1991m	1995.795	1996.281	я
@evb1991m-words	@evb1991m	1996.281	1996.768	видел
@evb1991m-words	@evb1991m	1997.26	1997.729	я
@evb1991m-words	@evb1991m	1997.729	1998.198	видел
@evb1991m-words	@evb1991m	1998.198	1998.667	замечательный
@evb1991m-words	@evb1991m	1998.667	1999.138	фрагмент
@evb1991m-words	@evb1991m	2004.838	2005.241	да
@evb1991m-words	@evb1991m	2027.221	2027.572	я
@evb1991m-words	@evb1991m	2027.572	2027.923	думаю
@evb1991m-words	@evb1991m	2027.923	2028.274	что
@evb1991m-words	@evb1991m	2028.274	2028.625	невеселая
@evb1991m-words	@evb1991m	2028.625	2028.976	она
@evb1991m-words	@evb1991m	2028.976	2029.327	была
@evb1991m-words	@evb1991m	2029.327	2029.678	в
@evb1991m-words	@evb1991m	2029.678	2030.029	девяностых
@evb1991m-words	@evb1991m	2030.029	2030.38	сейчас
@evb1991m-words	@evb1991m	2030.38	2030.731	она
@evb1991m-words	@evb1991m	2030.731	2031.082	вообще
@evb1991m-words	@evb1991m	2031.082	2031.433	/
@evb1991m-words	@evb1991m	2031.433	2031.784	очень
@evb1991m-words	@evb1991m	2031.784	2032.135	/
@evb1991m-words	@evb1991m	2032.135	2032.486	рыдательная
@evb1991m-words	@evb1991m	2032.486	2032.837	/
@evb1991m-words	@evb1991m	2032.837	2033.188	скажем
@evb1991m-words	@evb1991m	2033.188	2033.555	так
@evb1991m-words	@evb1991m	2038.698	2038.979	да
@evb1991m-words	@evb1991m	2038.979	2039.26	и
@evb1991m-words	@evb1991m	2039.26	2039.541	я
@evb1991m-words	@evb1991m	2039.541	2039.822	пришел
@evb1991m-words	@evb1991m	2039.822	2040.103	к
@evb1991m-words	@evb1991m	2040.103	2040.384	этой
@evb1991m-words	@evb1991m	2040.384	2040.665	идее
@evb1991m-words	@evb1991m	2040.665	2040.946	/
@evb1991m-words	@evb1991m	2040.946	2041.227	то
@evb1991m-words	@evb1991m	2041.227	2041.508	есть
@evb1991m-words	@evb1991m	2041.508	2041.789	у
@evb1991m-words	@evb1991m	2041.789	2042.07	меня
@evb1991m-words	@evb1991m	2042.07	2042.351	до
@evb1991m-words	@evb1991m	2042.351	2042.632	этого
@evb1991m-words	@evb1991m	2042.632	2042.913	была
@evb1991m-words	@evb1991m	2042.913	2043.194	идея
@evb1991m-words	@evb1991m	2043.194	2043.475	что
@evb1991m-words	@evb1991m	2043.475	2043.756	раньше
@evb1991m-words	@evb1991m	2043.756	2044.037	было
@evb1991m-words	@evb1991m	2044.037	2044.318	хуже
@evb1991m-words	@evb1991m	2044.318	2044.599	ээ
@evb1991m-words	@evb1991m	2044.599	2044.88	это
@evb1991m-words	@evb1991m	2044.88	2045.161	просто
@evb1991m-words	@evb1991m	2045.161	2045.442	опять
@evb1991m-words	@evb1991m	2045.442	2045.723	же
@evb1991m-words	@evb1991m	2045.723	2046.004	та
@evb1991m-words	@evb1991m	2046.004	2046.285	же
@evb1991m-words	@evb1991m	2046.285	2046.566	эволюция
@evb1991m-words	@evb1991m	2046.566	2046.847	как
@evb1991m-words	@evb1991m	2046.847	2047.128	и
@evb1991m-words	@evb1991m	2047.128	2047.409	с
@evb1991m-words	@evb1991m	2047.409	2047.695	[нрзб]
@evb1991m-words	@evb1991m	2051.081	2051.397	да
@evb1991m-words	@evb1991m	2053.217	2053.535	да
@evb1991m-words	@evb1991m	2053.535	2053.853	да
@evb1991m-words	@evb1991m	2053.853	2054.173	да
@evb1991m-words	@evb1991m	2080.135	2080.505	даже
@evb1991m-words	@evb1991m	2080.505	2080.875	уже
@evb1991m-words	@evb1991m	2080.875	2081.245	не
@evb1991m-words	@evb1991m	2081.245	2081.615	надо
@evb1991m-words	@evb1991m	2081.615	2081.985	монтировать
@evb1991m-words	@evb1991m	2081.985	2082.355	раньше
@evb1991m-words	@evb1991m	2082.355	2082.725	же
@evb1991m-words	@evb1991m	2082.725	2083.095	надо
@evb1991m-words	@evb1991m	2083.095	2083.465	было
@evb1991m-words	@evb1991m	2083.465	2083.835	монтировать
@evb1991m-words	@evb1991m	2083.835	2084.205	сейчас
@evb1991m-words	@evb1991m	2084.205	2084.575	уже
@evb1991m-words	@evb1991m	2084.575	2084.945	не
@evb1991m-words	@evb1991m	2084.945	2085.317	надо
@evb1991m-words	@evb1991m	2091.076	2092.123	безусловно
@evb1991m-words	@evb1991m	2114.407	2114.926	ъгъм
@evb1991m-words	@evb1991m	2124.523	2124.95	нашего
@evb1991m-words	@evb1991m	2124.95	2125.378	великого
@evb1991m-words	@evb1991m	2144.976	2145.408	вот
@evb1991m-words	@evb1991m	2145.408	2145.84	умрут
@evb1991m-words	@evb1991m	2145.84	2146.272	все
@evb1991m-words	@evb1991m	2146.272	2146.704	совки
@evb1991m-words	@evb1991m	2146.704	2147.139	заживем
@evb1991m-words	@evb1991m	2154.375	2154.765	я
@evb1991m-words	@evb1991m	2154.765	2155.155	вспомнил
@evb1991m-words	@evb1991m	2155.155	2155.545	замечательный
@evb1991m-words	@evb1991m	2155.545	2155.935	я
@evb1991m-words	@evb1991m	2155.935	2156.325	же
@evb1991m-words	@evb1991m	2156.325	2156.715	вспомнил
@evb1991m-words	@evb1991m	2156.715	2157.105	замечательный
@evb1991m-words	@evb1991m	2157.105	2157.495	случай
@evb1991m-words	@evb1991m	2157.495	2157.885	это
@evb1991m-words	@evb1991m	2157.885	2158.275	эээ
@evb1991m-words	@evb1991m	2158.275	2158.665	прошу
@evb1991m-words	@evb1991m	2158.665	2159.055	рассматривать
@evb1991m-words	@evb1991m	2159.055	2159.445	только
@evb1991m-words	@evb1991m	2159.445	2159.835	как
@evb1991m-words	@evb1991m	2159.835	2160.225	/
@evb1991m-words	@evb1991m	2160.225	2160.615	юмористический
@evb1991m-words	@evb1991m	2160.615	2161.005	эээ
@evb1991m-words	@evb1991m	2161.005	2161.395	/
@evb1991m-words	@evb1991m	2161.395	2161.785	юмористическую
@evb1991m-words	@evb1991m	2161.785	2162.175	зарисовку
@evb1991m-words	@evb1991m	2162.175	2162.565	пожалуйста
@evb1991m-words	@evb1991m	2162.565	2162.955	не
@evb1991m-words	@evb1991m	2162.955	2163.345	сажайте
@evb1991m-words	@evb1991m	2163.345	2163.735	меня
@evb1991m-words	@evb1991m	2163.735	2164.125	эээ
@evb1991m-words	@evb1991m	2164.125	2164.515	это
@evb1991m-words	@evb1991m	2164.515	2164.905	замечательный
@evb1991m-words	@evb1991m	2164.905	2165.295	был
@evb1991m-words	@evb1991m	2165.295	2165.685	случай
@evb1991m-words	@evb1991m	2165.685	2166.075	в
@evb1991m-words	@evb1991m	2166.075	2166.465	/
@evb1991m-words	@evb1991m	2166.465	2166.855	в
@evb1991m-words	@evb1991m	2166.855	2167.245	каком
@evb1991m-words	@evb1991m	2167.245	2167.635	же
@evb1991m-words	@evb1991m	2167.635	2168.025	городе
@evb1991m-words	@evb1991m	2168.025	2168.415	/
@evb1991m-words	@evb1991m	2168.415	2168.805	простите
@evb1991m-words	@evb1991m	2168.805	2169.195	я
@evb1991m-words	@evb1991m	2169.195	2169.585	забыл
@evb1991m-words	@evb1991m	2169.585	2169.975	город
@evb1991m-words	@evb1991m	2169.975	2170.365	но
@evb1991m-words	@evb1991m	2170.365	2170.755	тем
@evb1991m-words	@evb1991m	2170.755	2171.145	не
@evb1991m-words	@evb1991m	2171.145	2171.535	менее
@evb1991m-words	@evb1991m	2171.535	2171.925	/
@evb1991m-words	@evb1991m	2171.925	2172.315	был
@evb1991m-words	@evb1991m	2172.315	2172.705	замечательный
@evb1991m-words	@evb1991m	2172.705	2173.095	случай
@evb1991m-words	@evb1991m	2173.095	2173.485	когда
@evb1991m-words	@evb1991m	2173.485	2173.875	/
@evb1991m-words	@evb1991m	2173.875	2174.265	ээ
@evb1991m-words	@evb1991m	2174.265	2174.655	нас
@evb1991m-words	@evb1991m	2174.655	2175.045	обманули
@evb1991m-words	@evb1991m	2175.045	2175.435	ээ
@evb1991m-words	@evb1991m	2175.435	2175.825	организаторы
@evb1991m-words	@evb1991m	2175.825	2176.215	клуба
@evb1991m-words	@evb1991m	2176.215	2176.605	/
@evb1991m-words	@evb1991m	2176.605	2176.995	точнее
@evb1991m-words	@evb1991m	2176.995	2177.385	не
@evb1991m-words	@evb1991m	2177.385	2177.775	обманули
@evb1991m-words	@evb1991m	2177.775	2178.165	они
@evb1991m-words	@evb1991m	2178.165	2178.555	ошиблись
@evb1991m-words	@evb1991m	2178.555	2178.945	не
@evb1991m-words	@evb1991m	2178.945	2179.335	не
@evb1991m-words	@evb1991m	2179.335	2179.725	было
@evb1991m-words	@evb1991m	2179.725	2180.115	какого-то
@evb1991m-words	@evb1991m	2180.115	2180.505	заведомого
@evb1991m-words	@evb1991m	2180.505	2180.895	обмана
@evb1991m-words	@evb1991m	2180.895	2181.285	с
@evb1991m-words	@evb1991m	2181.285	2181.675	целью
@evb1991m-words	@evb1991m	2181.675	2182.065	нажиться
@evb1991m-words	@evb1991m	2182.065	2182.455	они
@evb1991m-words	@evb1991m	2182.455	2182.845	скорее
@evb1991m-words	@evb1991m	2182.845	2183.235	всего
@evb1991m-words	@evb1991m	2183.235	2183.625	просто
@evb1991m-words	@evb1991m	2183.625	2184.015	ошиблись
@evb1991m-words	@evb1991m	2184.015	2184.405	/
@evb1991m-words	@evb1991m	2184.405	2184.795	и
@evb1991m-words	@evb1991m	2184.795	2185.185	эээ
@evb1991m-words	@evb1991m	2185.185	2185.575	сказали
@evb1991m-words	@evb1991m	2185.575	2185.965	что
@evb1991m-words	@evb1991m	2185.965	2186.355	в
@evb1991m-words	@evb1991m	2186.355	2186.745	клубе
@evb1991m-words	@evb1991m	2186.745	2187.135	очень
@evb1991m-words	@evb1991m	2187.135	2187.525	много
@evb1991m-words	@evb1991m	2187.525	2187.915	людей
@evb1991m-words	@evb1991m	2187.915	2188.305	помещается
@evb1991m-words	@evb1991m	2188.305	2188.695	/
@evb1991m-words	@evb1991m	2188.695	2189.085	ноо
@evb1991m-words	@evb1991m	2189.085	2189.475	/
@evb1991m-words	@evb1991m	2189.475	2189.865	там
@evb1991m-words	@evb1991m	2189.865	2190.255	помещалось
@evb1991m-words	@evb1991m	2190.255	2190.645	действительно
@evb1991m-words	@evb1991m	2190.645	2191.035	много
@evb1991m-words	@evb1991m	2191.035	2191.425	людей
@evb1991m-words	@evb1991m	2191.425	2191.815	но
@evb1991m-words	@evb1991m	2191.815	2192.205	дело
@evb1991m-words	@evb1991m	2192.205	2192.595	в
@evb1991m-words	@evb1991m	2192.595	2192.985	том
@evb1991m-words	@evb1991m	2192.985	2193.375	что
@evb1991m-words	@evb1991m	2193.375	2193.765	у
@evb1991m-words	@evb1991m	2193.765	2194.155	нас
@evb1991m-words	@evb1991m	2194.155	2194.545	очень
@evb1991m-words	@evb1991m	2194.545	2194.935	много
@evb1991m-words	@evb1991m	2194.935	2195.325	было
@evb1991m-words	@evb1991m	2195.325	2195.715	ВИПов
@evb1991m-words	@evb1991m	2195.715	2196.105	/
@evb1991m-words	@evb1991m	2196.105	2196.5	ээ
@evb1991m-words	@evb1991m	2198.636	2198.947	не
@evb1991m-words	@evb1991m	2198.947	2199.258	нет
@evb1991m-words	@evb1991m	2199.258	2199.569	/
@evb1991m-words	@evb1991m	2199.569	2199.88	ВИПов
@evb1991m-words	@evb1991m	2199.88	2200.191	имеется
@evb1991m-words	@evb1991m	2200.191	2200.502	в
@evb1991m-words	@evb1991m	2200.502	2200.813	виду
@evb1991m-words	@evb1991m	2200.813	2201.124	/
@evb1991m-words	@evb1991m	2201.124	2201.435	дорогие
@evb1991m-words	@evb1991m	2201.435	2201.746	билеты
@evb1991m-words	@evb1991m	2201.746	2202.057	те
@evb1991m-words	@evb1991m	2202.057	2202.368	кто
@evb1991m-words	@evb1991m	2202.368	2202.679	сядет
@evb1991m-words	@evb1991m	2202.679	2202.99	эээ
@evb1991m-words	@evb1991m	2202.99	2203.301	сядет
@evb1991m-words	@evb1991m	2203.301	2203.612	за
@evb1991m-words	@evb1991m	2203.612	2203.923	столики
@evb1991m-words	@evb1991m	2203.923	2204.234	могут
@evb1991m-words	@evb1991m	2204.234	2204.545	заказывать
@evb1991m-words	@evb1991m	2204.545	2204.856	и
@evb1991m-words	@evb1991m	2204.856	2205.167	так
@evb1991m-words	@evb1991m	2205.167	2205.478	далее
@evb1991m-words	@evb1991m	2205.478	2205.789	а
@evb1991m-words	@evb1991m	2205.789	2206.1	кто-то
@evb1991m-words	@evb1991m	2206.1	2206.411	стоит
@evb1991m-words	@evb1991m	2206.411	2206.722	/
@evb1991m-words	@evb1991m	2206.722	2207.033	и
@evb1991m-words	@evb1991m	2207.033	2207.344	/
@evb1991m-words	@evb1991m	2207.344	2207.655	надо
@evb1991m-words	@evb1991m	2207.655	2207.966	было
@evb1991m-words	@evb1991m	2207.966	2208.277	им
@evb1991m-words	@evb1991m	2208.277	2208.588	выкручиваться
@evb1991m-words	@evb1991m	2208.588	2208.899	как-то
@evb1991m-words	@evb1991m	2208.899	2209.21	и
@evb1991m-words	@evb1991m	2209.21	2209.521	они
@evb1991m-words	@evb1991m	2209.521	2209.832	ничего
@evb1991m-words	@evb1991m	2209.832	2210.143	не
@evb1991m-words	@evb1991m	2210.143	2210.454	нашли
@evb1991m-words	@evb1991m	2210.454	2210.765	умнее
@evb1991m-words	@evb1991m	2210.765	2211.076	как
@evb1991m-words	@evb1991m	2211.076	2211.387	вот
@evb1991m-words	@evb1991m	2211.387	2211.698	люди
@evb1991m-words	@evb1991m	2211.698	2212.009	за
@evb1991m-words	@evb1991m	2212.009	2212.32	столиком
@evb1991m-words	@evb1991m	2212.32	2212.631	сидят
@evb1991m-words	@evb1991m	2212.631	2212.942	и
@evb1991m-words	@evb1991m	2212.942	2213.253	оградить
@evb1991m-words	@evb1991m	2213.253	2213.564	толпу
@evb1991m-words	@evb1991m	2213.564	2213.875	которой
@evb1991m-words	@evb1991m	2213.875	2214.186	вот
@evb1991m-words	@evb1991m	2214.186	2214.497	там
@evb1991m-words	@evb1991m	2214.497	2214.808	очень
@evb1991m-words	@evb1991m	2214.808	2215.119	тяжело
@evb1991m-words	@evb1991m	2215.119	2215.43	что-то
@evb1991m-words	@evb1991m	2215.43	2215.741	было
@evb1991m-words	@evb1991m	2215.741	2216.052	видно
@evb1991m-words	@evb1991m	2216.052	2216.363	/
@evb1991m-words	@evb1991m	2216.363	2216.674	просто
@evb1991m-words	@evb1991m	2216.674	2216.985	обычным
@evb1991m-words	@evb1991m	2216.985	2217.296	железным
@evb1991m-words	@evb1991m	2217.296	2217.607	забором
@evb1991m-words	@evb1991m	2217.607	2217.918	/
@evb1991m-words	@evb1991m	2217.918	2218.229	и
@evb1991m-words	@evb1991m	2218.229	2218.54	вот
@evb1991m-words	@evb1991m	2218.54	2218.851	а
@evb1991m-words	@evb1991m	2218.851	2219.162	я
@evb1991m-words	@evb1991m	2219.162	2219.473	катался
@evb1991m-words	@evb1991m	2219.473	2219.784	как
@evb1991m-words	@evb1991m	2219.784	2220.095	раз
@evb1991m-words	@evb1991m	2220.095	2220.406	в
@evb1991m-words	@evb1991m	2220.406	2220.717	семнадцатом
@evb1991m-words	@evb1991m	2220.717	2221.028	году
@evb1991m-words	@evb1991m	2221.028	2221.339	/
@evb1991m-words	@evb1991m	2221.339	2221.65	ээ
@evb1991m-words	@evb1991m	2221.65	2221.961	и
@evb1991m-words	@evb1991m	2221.961	2222.272	стоит
@evb1991m-words	@evb1991m	2222.272	2222.583	сказать
@evb1991m-words	@evb1991m	2222.583	2222.894	что
@evb1991m-words	@evb1991m	2222.894	2223.205	вот
@evb1991m-words	@evb1991m	2223.205	2223.516	в
@evb1991m-words	@evb1991m	2223.516	2223.827	том
@evb1991m-words	@evb1991m	2223.827	2224.138	городе
@evb1991m-words	@evb1991m	2224.138	2224.449	шутки
@evb1991m-words	@evb1991m	2224.449	2224.76	про
@evb1991m-words	@evb1991m	2224.76	2225.071	семнадцатый
@evb1991m-words	@evb1991m	2225.071	2225.382	год
@evb1991m-words	@evb1991m	2225.382	2225.693	заходили
@evb1991m-words	@evb1991m	2225.693	2226.004	на
@evb1991m-words	@evb1991m	2226.004	2226.363	ура
@evb1991m-words	@evb1991m	2227.635	2227.983	ээ
@evb1991m-words	@evb1991m	2227.983	2228.331	не
@evb1991m-words	@evb1991m	2228.331	2228.679	я
@evb1991m-words	@evb1991m	2228.679	2229.027	подходил
@evb1991m-words	@evb1991m	2229.027	2229.375	к
@evb1991m-words	@evb1991m	2229.375	2229.723	забору
@evb1991m-words	@evb1991m	2229.723	2230.071	и
@evb1991m-words	@evb1991m	2230.071	2230.419	ээ
@evb1991m-words	@evb1991m	2230.419	2230.767	я
@evb1991m-words	@evb1991m	2230.767	2231.115	ээ
@evb1991m-words	@evb1991m	2231.115	2231.463	естественно
@evb1991m-words	@evb1991m	2231.463	2231.811	подыгрывал
@evb1991m-words	@evb1991m	2231.811	2232.159	что
@evb1991m-words	@evb1991m	2232.159	2232.507	дескать
@evb1991m-words	@evb1991m	2232.507	2232.855	щас
@evb1991m-words	@evb1991m	2232.855	2233.203	я
@evb1991m-words	@evb1991m	2233.203	2233.551	/
@evb1991m-words	@evb1991m	2233.551	2233.899	к
@evb1991m-words	@evb1991m	2233.899	2234.247	холопам
@evb1991m-words	@evb1991m	2234.247	2234.595	схожу
@evb1991m-words	@evb1991m	2234.595	2234.943	к
@evb1991m-words	@evb1991m	2234.943	2235.291	этому
@evb1991m-words	@evb1991m	2235.291	2235.639	быдлу
@evb1991m-words	@evb1991m	2235.639	2235.987	/
@evb1991m-words	@evb1991m	2235.987	2236.335	подходил
@evb1991m-words	@evb1991m	2236.335	2236.683	к
@evb1991m-words	@evb1991m	2236.683	2237.031	людям
@evb1991m-words	@evb1991m	2237.031	2237.379	ээ
@evb1991m-words	@evb1991m	2237.379	2237.727	к
@evb1991m-words	@evb1991m	2237.727	2238.075	забору
@evb1991m-words	@evb1991m	2238.075	2238.423	и
@evb1991m-words	@evb1991m	2238.423	2238.771	шутил
@evb1991m-words	@evb1991m	2238.771	2239.119	как
@evb1991m-words	@evb1991m	2239.119	2239.467	раз
@evb1991m-words	@evb1991m	2239.467	2239.815	про
@evb1991m-words	@evb1991m	2239.815	2240.163	семнадцатый
@evb1991m-words	@evb1991m	2240.163	2240.511	год
@evb1991m-words	@evb1991m	2240.511	2240.859	что
@evb1991m-words	@evb1991m	2240.859	2241.207	/
@evb1991m-words	@evb1991m	2241.207	2241.555	ребята
@evb1991m-words	@evb1991m	2241.555	2241.903	вы
@evb1991m-words	@evb1991m	2241.903	2242.251	забыли
@evb1991m-words	@evb1991m	2242.251	2242.599	/
@evb1991m-words	@evb1991m	2242.599	2242.947	какой
@evb1991m-words	@evb1991m	2242.947	2243.295	/
@evb1991m-words	@evb1991m	2243.295	2243.643	на
@evb1991m-words	@evb1991m	2243.643	2243.991	дворе
@evb1991m-words	@evb1991m	2243.991	2244.339	год
@evb1991m-words	@evb1991m	2244.339	2244.687	/
@evb1991m-words	@evb1991m	2244.687	2245.035	и
@evb1991m-words	@evb1991m	2245.035	2245.383	так
@evb1991m-words	@evb1991m	2245.383	2245.731	далее
@evb1991m-words	@evb1991m	2245.731	2246.079	вы
@evb1991m-words	@evb1991m	2246.079	2246.427	щас
@evb1991m-words	@evb1991m	2246.427	2246.775	смеетесь
@evb1991m-words	@evb1991m	2246.775	2247.123	все
@evb1991m-words	@evb1991m	2247.123	2247.471	а
@evb1991m-words	@evb1991m	2247.471	2247.819	мы
@evb1991m-words	@evb1991m	2247.819	2248.167	вот
@evb1991m-words	@evb1991m	2248.167	2248.515	стоим
@evb1991m-words	@evb1991m	2248.515	2248.863	[нрзб]
@evb1991m-words	@evb1991m	2248.863	2249.211	народу
@evb1991m-words	@evb1991m	2249.211	2249.559	эти
@evb1991m-words	@evb1991m	2249.559	2249.907	шутки
@evb1991m-words	@evb1991m	2249.907	2250.255	замечательно
@evb1991m-words	@evb1991m	2250.255	2250.603	заходят
@evb1991m-words	@evb1991m	2250.603	2250.951	/
@evb1991m-words	@evb1991m	2250.951	2251.299	судя
@evb1991m-words	@evb1991m	2251.299	2251.647	ээ
@evb1991m-words	@evb1991m	2251.647	2251.995	по
@evb1991m-words	@evb1991m	2251.995	2252.343	ээ
@evb1991m-words	@evb1991m	2252.343	2252.691	вот
@evb1991m-words	@evb1991m	2252.691	2253.039	подобному
@evb1991m-words	@evb1991m	2253.039	2253.387	поведению
@evb1991m-words	@evb1991m	2253.387	2253.735	аудитория
@evb1991m-words	@evb1991m	2253.735	2254.083	/
@evb1991m-words	@evb1991m	2254.083	2254.431	она
@evb1991m-words	@evb1991m	2254.431	2254.779	c..
@evb1991m-words	@evb1991m	2254.779	2255.127	похожа
@evb1991m-words	@evb1991m	2255.127	2255.475	/
@evb1991m-words	@evb1991m	2255.475	2255.823	похожа
@evb1991m-words	@evb1991m	2255.823	2256.171	на
@evb1991m-words	@evb1991m	2256.171	2256.519	меня
@evb1991m-words	@evb1991m	2256.519	2256.867	во
@evb1991m-words	@evb1991m	2256.867	2257.215	многих
@evb1991m-words	@evb1991m	2257.215	2257.563	не
@evb1991m-words	@evb1991m	2257.563	2257.911	все
@evb1991m-words	@evb1991m	2257.911	2258.259	/
@evb1991m-words	@evb1991m	2258.259	2258.607	безусловно
@evb1991m-words	@evb1991m	2258.607	2258.955	но
@evb1991m-words	@evb1991m	2258.955	2259.303	многие
@evb1991m-words	@evb1991m	2259.303	2259.651	ээ
@evb1991m-words	@evb1991m	2259.651	2259.999	люди
@evb1991m-words	@evb1991m	2259.999	2260.347	сходятся
@evb1991m-words	@evb1991m	2260.347	2260.695	/
@evb1991m-words	@evb1991m	2260.695	2261.043	со
@evb1991m-words	@evb1991m	2261.043	2261.391	мной
@evb1991m-words	@evb1991m	2261.391	2261.739	/
@evb1991m-words	@evb1991m	2261.739	2262.087	во
@evb1991m-words	@evb1991m	2262.087	2262.435	взглядах
@evb1991m-words	@evb1991m	2262.435	2262.783	это
@evb1991m-words	@evb1991m	2262.783	2263.131	логично
@evb1991m-words	@evb1991m	2263.131	2263.479	в
@evb1991m-words	@evb1991m	2263.479	2263.827	принципе
@evb1991m-words	@evb1991m	2263.827	2264.175	они
@evb1991m-words	@evb1991m	2264.175	2264.523	бы
@evb1991m-words	@evb1991m	2264.523	2264.871	не
@evb1991m-words	@evb1991m	2264.871	2265.219	смотрели
@evb1991m-words	@evb1991m	2265.219	2265.567	если
@evb1991m-words	@evb1991m	2265.567	2265.915	б
@evb1991m-words	@evb1991m	2265.915	2266.263	не
@evb1991m-words	@evb1991m	2266.263	2266.611	сходились
@evb1991m-words	@evb1991m	2266.611	2266.959	/
@evb1991m-words	@evb1991m	2266.959	2267.307	со
@evb1991m-words	@evb1991m	2267.307	2267.655	мной
@evb1991m-words	@evb1991m	2267.655	2268.003	ээ
@evb1991m-words	@evb1991m	2268.003	2268.363	взглядами
